<annotation>
	<folder>collectedimages</folder>
	<filename>A.90dc869d-f2e2-11ed-b08d-dc1ba1c60254.jpg</filename>
	<path>C:\Users\Lenovo\RealTimeObjectDetection\RealTimeObjectDetection\Tensorflow\workspace\images\collectedimages\A.90dc869d-f2e2-11ed-b08d-dc1ba1c60254.jpg</path>
	<source>
		<database>Unknown</database>
	</source>
	<size>
		<width>640</width>
		<height>480</height>
		<depth>3</depth>
	</size>
	<segmented>0</segmented>
	<object>
		<name>A</name>
		<pose>Unspecified</pose>
		<truncated>0</truncated>
		<difficult>0</difficult>
		<bndbox>
			<xmin>44</xmin>
			<ymin>264</ymin>
			<xmax>415</xmax>
			<ymax>453</ymax>
		</bndbox>
	</object>
</annotation>
