<annotation>
	<folder>collectedimages</folder>
	<filename>B.aaaabe99-f2e2-11ed-8a8b-dc1ba1c60254.jpg</filename>
	<path>C:\Users\Lenovo\RealTimeObjectDetection\RealTimeObjectDetection\Tensorflow\workspace\images\collectedimages\B.aaaabe99-f2e2-11ed-8a8b-dc1ba1c60254.jpg</path>
	<source>
		<database>Unknown</database>
	</source>
	<size>
		<width>640</width>
		<height>480</height>
		<depth>3</depth>
	</size>
	<segmented>0</segmented>
	<object>
		<name>B</name>
		<pose>Unspecified</pose>
		<truncated>0</truncated>
		<difficult>0</difficult>
		<bndbox>
			<xmin>188</xmin>
			<ymin>262</ymin>
			<xmax>477</xmax>
			<ymax>474</ymax>
		</bndbox>
	</object>
</annotation>
