<annotation>
	<folder>collectedimages</folder>
	<filename>B.ac76b6c8-f2e2-11ed-ab74-dc1ba1c60254.jpg</filename>
	<path>C:\Users\Lenovo\RealTimeObjectDetection\RealTimeObjectDetection\Tensorflow\workspace\images\collectedimages\B.ac76b6c8-f2e2-11ed-ab74-dc1ba1c60254.jpg</path>
	<source>
		<database>Unknown</database>
	</source>
	<size>
		<width>640</width>
		<height>480</height>
		<depth>3</depth>
	</size>
	<segmented>0</segmented>
	<object>
		<name>B</name>
		<pose>Unspecified</pose>
		<truncated>0</truncated>
		<difficult>0</difficult>
		<bndbox>
			<xmin>232</xmin>
			<ymin>186</ymin>
			<xmax>520</xmax>
			<ymax>413</ymax>
		</bndbox>
	</object>
</annotation>
