<annotation>
	<folder>collectedimages</folder>
	<filename>B.b016d732-f2e2-11ed-9219-dc1ba1c60254.jpg</filename>
	<path>C:\Users\Lenovo\RealTimeObjectDetection\RealTimeObjectDetection\Tensorflow\workspace\images\collectedimages\B.b016d732-f2e2-11ed-9219-dc1ba1c60254.jpg</path>
	<source>
		<database>Unknown</database>
	</source>
	<size>
		<width>640</width>
		<height>480</height>
		<depth>3</depth>
	</size>
	<segmented>0</segmented>
	<object>
		<name>B</name>
		<pose>Unspecified</pose>
		<truncated>1</truncated>
		<difficult>0</difficult>
		<bndbox>
			<xmin>154</xmin>
			<ymin>278</ymin>
			<xmax>425</xmax>
			<ymax>480</ymax>
		</bndbox>
	</object>
</annotation>
