<annotation>
	<folder>collectedimages</folder>
	<filename>B.b3b0e0d9-f2e2-11ed-83eb-dc1ba1c60254.jpg</filename>
	<path>C:\Users\Lenovo\RealTimeObjectDetection\RealTimeObjectDetection\Tensorflow\workspace\images\collectedimages\B.b3b0e0d9-f2e2-11ed-83eb-dc1ba1c60254.jpg</path>
	<source>
		<database>Unknown</database>
	</source>
	<size>
		<width>640</width>
		<height>480</height>
		<depth>3</depth>
	</size>
	<segmented>0</segmented>
	<object>
		<name>B</name>
		<pose>Unspecified</pose>
		<truncated>1</truncated>
		<difficult>0</difficult>
		<bndbox>
			<xmin>25</xmin>
			<ymin>287</ymin>
			<xmax>277</xmax>
			<ymax>480</ymax>
		</bndbox>
	</object>
</annotation>
