<annotation>
	<folder>collectedimages</folder>
	<filename>B.b74ae159-f2e2-11ed-8f1d-dc1ba1c60254.jpg</filename>
	<path>C:\Users\Lenovo\RealTimeObjectDetection\RealTimeObjectDetection\Tensorflow\workspace\images\collectedimages\B.b74ae159-f2e2-11ed-8f1d-dc1ba1c60254.jpg</path>
	<source>
		<database>Unknown</database>
	</source>
	<size>
		<width>640</width>
		<height>480</height>
		<depth>3</depth>
	</size>
	<segmented>0</segmented>
	<object>
		<name>B</name>
		<pose>Unspecified</pose>
		<truncated>1</truncated>
		<difficult>0</difficult>
		<bndbox>
			<xmin>61</xmin>
			<ymin>276</ymin>
			<xmax>272</xmax>
			<ymax>480</ymax>
		</bndbox>
	</object>
</annotation>
