<annotation>
	<folder>collectedimages</folder>
	<filename>B.be7f67ac-f2e2-11ed-97be-dc1ba1c60254.jpg</filename>
	<path>C:\Users\Lenovo\RealTimeObjectDetection\RealTimeObjectDetection\Tensorflow\workspace\images\collectedimages\B.be7f67ac-f2e2-11ed-97be-dc1ba1c60254.jpg</path>
	<source>
		<database>Unknown</database>
	</source>
	<size>
		<width>640</width>
		<height>480</height>
		<depth>3</depth>
	</size>
	<segmented>0</segmented>
	<object>
		<name>B</name>
		<pose>Unspecified</pose>
		<truncated>0</truncated>
		<difficult>0</difficult>
		<bndbox>
			<xmin>63</xmin>
			<ymin>326</ymin>
			<xmax>350</xmax>
			<ymax>476</ymax>
		</bndbox>
	</object>
</annotation>
