<annotation>
	<folder>collectedimages</folder>
	<filename>C.cf5f7b0b-f2e2-11ed-abc4-dc1ba1c60254.jpg</filename>
	<path>C:\Users\Lenovo\RealTimeObjectDetection\RealTimeObjectDetection\Tensorflow\workspace\images\collectedimages\C.cf5f7b0b-f2e2-11ed-abc4-dc1ba1c60254.jpg</path>
	<source>
		<database>Unknown</database>
	</source>
	<size>
		<width>640</width>
		<height>480</height>
		<depth>3</depth>
	</size>
	<segmented>0</segmented>
	<object>
		<name>C</name>
		<pose>Unspecified</pose>
		<truncated>0</truncated>
		<difficult>0</difficult>
		<bndbox>
			<xmin>165</xmin>
			<ymin>146</ymin>
			<xmax>312</xmax>
			<ymax>298</ymax>
		</bndbox>
	</object>
</annotation>
