<annotation>
	<folder>collectedimages</folder>
	<filename>C.d2f9969c-f2e2-11ed-ae47-dc1ba1c60254.jpg</filename>
	<path>C:\Users\Lenovo\RealTimeObjectDetection\RealTimeObjectDetection\Tensorflow\workspace\images\collectedimages\C.d2f9969c-f2e2-11ed-ae47-dc1ba1c60254.jpg</path>
	<source>
		<database>Unknown</database>
	</source>
	<size>
		<width>640</width>
		<height>480</height>
		<depth>3</depth>
	</size>
	<segmented>0</segmented>
	<object>
		<name>C</name>
		<pose>Unspecified</pose>
		<truncated>0</truncated>
		<difficult>0</difficult>
		<bndbox>
			<xmin>366</xmin>
			<ymin>270</ymin>
			<xmax>512</xmax>
			<ymax>424</ymax>
		</bndbox>
	</object>
</annotation>
