<annotation>
	<folder>collectedimages</folder>
	<filename>C.d4c675c0-f2e2-11ed-acdb-dc1ba1c60254.jpg</filename>
	<path>C:\Users\Lenovo\RealTimeObjectDetection\RealTimeObjectDetection\Tensorflow\workspace\images\collectedimages\C.d4c675c0-f2e2-11ed-acdb-dc1ba1c60254.jpg</path>
	<source>
		<database>Unknown</database>
	</source>
	<size>
		<width>640</width>
		<height>480</height>
		<depth>3</depth>
	</size>
	<segmented>0</segmented>
	<object>
		<name>C</name>
		<pose>Unspecified</pose>
		<truncated>0</truncated>
		<difficult>0</difficult>
		<bndbox>
			<xmin>254</xmin>
			<ymin>305</ymin>
			<xmax>413</xmax>
			<ymax>464</ymax>
		</bndbox>
	</object>
</annotation>
