<annotation>
	<folder>collectedimages</folder>
	<filename>C.d860beba-f2e2-11ed-9dbf-dc1ba1c60254.jpg</filename>
	<path>C:\Users\Lenovo\RealTimeObjectDetection\RealTimeObjectDetection\Tensorflow\workspace\images\collectedimages\C.d860beba-f2e2-11ed-9dbf-dc1ba1c60254.jpg</path>
	<source>
		<database>Unknown</database>
	</source>
	<size>
		<width>640</width>
		<height>480</height>
		<depth>3</depth>
	</size>
	<segmented>0</segmented>
	<object>
		<name>C</name>
		<pose>Unspecified</pose>
		<truncated>0</truncated>
		<difficult>0</difficult>
		<bndbox>
			<xmin>282</xmin>
			<ymin>266</ymin>
			<xmax>430</xmax>
			<ymax>415</ymax>
		</bndbox>
	</object>
</annotation>
