<annotation>
	<folder>collectedimages</folder>
	<filename>D.ecd27c0d-f2e2-11ed-aac8-dc1ba1c60254.jpg</filename>
	<path>C:\Users\Lenovo\RealTimeObjectDetection\RealTimeObjectDetection\Tensorflow\workspace\images\collectedimages\D.ecd27c0d-f2e2-11ed-aac8-dc1ba1c60254.jpg</path>
	<source>
		<database>Unknown</database>
	</source>
	<size>
		<width>640</width>
		<height>480</height>
		<depth>3</depth>
	</size>
	<segmented>0</segmented>
	<object>
		<name>D</name>
		<pose>Unspecified</pose>
		<truncated>0</truncated>
		<difficult>0</difficult>
		<bndbox>
			<xmin>191</xmin>
			<ymin>231</ymin>
			<xmax>458</xmax>
			<ymax>466</ymax>
		</bndbox>
	</object>
</annotation>
