<annotation>
	<folder>collectedimages</folder>
	<filename>D.ee9f2805-f2e2-11ed-876e-dc1ba1c60254.jpg</filename>
	<path>C:\Users\Lenovo\RealTimeObjectDetection\RealTimeObjectDetection\Tensorflow\workspace\images\collectedimages\D.ee9f2805-f2e2-11ed-876e-dc1ba1c60254.jpg</path>
	<source>
		<database>Unknown</database>
	</source>
	<size>
		<width>640</width>
		<height>480</height>
		<depth>3</depth>
	</size>
	<segmented>0</segmented>
	<object>
		<name>D</name>
		<pose>Unspecified</pose>
		<truncated>0</truncated>
		<difficult>0</difficult>
		<bndbox>
			<xmin>271</xmin>
			<ymin>155</ymin>
			<xmax>545</xmax>
			<ymax>400</ymax>
		</bndbox>
	</object>
</annotation>
