<annotation>
	<folder>collectedimages</folder>
	<filename>E.11898dd6-f2e3-11ed-9f5c-dc1ba1c60254.jpg</filename>
	<path>C:\Users\Lenovo\RealTimeObjectDetection\RealTimeObjectDetection\Tensorflow\workspace\images\collectedimages\E.11898dd6-f2e3-11ed-9f5c-dc1ba1c60254.jpg</path>
	<source>
		<database>Unknown</database>
	</source>
	<size>
		<width>640</width>
		<height>480</height>
		<depth>3</depth>
	</size>
	<segmented>0</segmented>
	<object>
		<name>E</name>
		<pose>Unspecified</pose>
		<truncated>0</truncated>
		<difficult>0</difficult>
		<bndbox>
			<xmin>207</xmin>
			<ymin>192</ymin>
			<xmax>498</xmax>
			<ymax>347</ymax>
		</bndbox>
	</object>
</annotation>
