<annotation>
	<folder>collectedimages</folder>
	<filename>E.18bc5d7d-f2e3-11ed-bb9f-dc1ba1c60254.jpg</filename>
	<path>C:\Users\Lenovo\RealTimeObjectDetection\RealTimeObjectDetection\Tensorflow\workspace\images\collectedimages\E.18bc5d7d-f2e3-11ed-bb9f-dc1ba1c60254.jpg</path>
	<source>
		<database>Unknown</database>
	</source>
	<size>
		<width>640</width>
		<height>480</height>
		<depth>3</depth>
	</size>
	<segmented>0</segmented>
	<object>
		<name>E</name>
		<pose>Unspecified</pose>
		<truncated>1</truncated>
		<difficult>0</difficult>
		<bndbox>
			<xmin>1</xmin>
			<ymin>263</ymin>
			<xmax>223</xmax>
			<ymax>415</ymax>
		</bndbox>
	</object>
</annotation>
