<annotation>
	<folder>collectedimages</folder>
	<filename>E.238ac725-f2e3-11ed-9c10-dc1ba1c60254.jpg</filename>
	<path>C:\Users\Lenovo\RealTimeObjectDetection\RealTimeObjectDetection\Tensorflow\workspace\images\collectedimages\E.238ac725-f2e3-11ed-9c10-dc1ba1c60254.jpg</path>
	<source>
		<database>Unknown</database>
	</source>
	<size>
		<width>640</width>
		<height>480</height>
		<depth>3</depth>
	</size>
	<segmented>0</segmented>
	<object>
		<name>E</name>
		<pose>Unspecified</pose>
		<truncated>0</truncated>
		<difficult>0</difficult>
		<bndbox>
			<xmin>338</xmin>
			<ymin>170</ymin>
			<xmax>603</xmax>
			<ymax>311</ymax>
		</bndbox>
	</object>
</annotation>
