<annotation>
	<folder>collectedimages</folder>
	<filename>F.329650bc-f2e3-11ed-a2d1-dc1ba1c60254.jpg</filename>
	<path>C:\Users\Lenovo\RealTimeObjectDetection\RealTimeObjectDetection\Tensorflow\workspace\images\collectedimages\F.329650bc-f2e3-11ed-a2d1-dc1ba1c60254.jpg</path>
	<source>
		<database>Unknown</database>
	</source>
	<size>
		<width>640</width>
		<height>480</height>
		<depth>3</depth>
	</size>
	<segmented>0</segmented>
	<object>
		<name>F</name>
		<pose>Unspecified</pose>
		<truncated>0</truncated>
		<difficult>0</difficult>
		<bndbox>
			<xmin>234</xmin>
			<ymin>204</ymin>
			<xmax>511</xmax>
			<ymax>431</ymax>
		</bndbox>
	</object>
</annotation>
