<annotation>
	<folder>collectedimages</folder>
	<filename>F.36304b90-f2e3-11ed-9031-dc1ba1c60254.jpg</filename>
	<path>C:\Users\Lenovo\RealTimeObjectDetection\RealTimeObjectDetection\Tensorflow\workspace\images\collectedimages\F.36304b90-f2e3-11ed-9031-dc1ba1c60254.jpg</path>
	<source>
		<database>Unknown</database>
	</source>
	<size>
		<width>640</width>
		<height>480</height>
		<depth>3</depth>
	</size>
	<segmented>0</segmented>
	<object>
		<name>F</name>
		<pose>Unspecified</pose>
		<truncated>0</truncated>
		<difficult>0</difficult>
		<bndbox>
			<xmin>254</xmin>
			<ymin>217</ymin>
			<xmax>517</xmax>
			<ymax>457</ymax>
		</bndbox>
	</object>
</annotation>
