<annotation>
	<folder>collectedimages</folder>
	<filename>F.4496df93-f2e3-11ed-9b89-dc1ba1c60254.jpg</filename>
	<path>C:\Users\Lenovo\RealTimeObjectDetection\RealTimeObjectDetection\Tensorflow\workspace\images\collectedimages\F.4496df93-f2e3-11ed-9b89-dc1ba1c60254.jpg</path>
	<source>
		<database>Unknown</database>
	</source>
	<size>
		<width>640</width>
		<height>480</height>
		<depth>3</depth>
	</size>
	<segmented>0</segmented>
	<object>
		<name>F</name>
		<pose>Unspecified</pose>
		<truncated>1</truncated>
		<difficult>0</difficult>
		<bndbox>
			<xmin>109</xmin>
			<ymin>258</ymin>
			<xmax>382</xmax>
			<ymax>480</ymax>
		</bndbox>
	</object>
</annotation>
