<annotation>
	<folder>collectedimages</folder>
	<filename>G.556d8f18-f2e3-11ed-8970-dc1ba1c60254.jpg</filename>
	<path>C:\Users\Lenovo\RealTimeObjectDetection\RealTimeObjectDetection\Tensorflow\workspace\images\collectedimages\G.556d8f18-f2e3-11ed-8970-dc1ba1c60254.jpg</path>
	<source>
		<database>Unknown</database>
	</source>
	<size>
		<width>640</width>
		<height>480</height>
		<depth>3</depth>
	</size>
	<segmented>0</segmented>
	<object>
		<name>G</name>
		<pose>Unspecified</pose>
		<truncated>0</truncated>
		<difficult>0</difficult>
		<bndbox>
			<xmin>93</xmin>
			<ymin>136</ymin>
			<xmax>245</xmax>
			<ymax>365</ymax>
		</bndbox>
	</object>
</annotation>
