<annotation>
	<folder>collectedimages</folder>
	<filename>G.67702354-f2e3-11ed-868d-dc1ba1c60254.jpg</filename>
	<path>C:\Users\Lenovo\RealTimeObjectDetection\RealTimeObjectDetection\Tensorflow\workspace\images\collectedimages\G.67702354-f2e3-11ed-868d-dc1ba1c60254.jpg</path>
	<source>
		<database>Unknown</database>
	</source>
	<size>
		<width>640</width>
		<height>480</height>
		<depth>3</depth>
	</size>
	<segmented>0</segmented>
	<object>
		<name>G</name>
		<pose>Unspecified</pose>
		<truncated>0</truncated>
		<difficult>0</difficult>
		<bndbox>
			<xmin>83</xmin>
			<ymin>181</ymin>
			<xmax>254</xmax>
			<ymax>389</ymax>
		</bndbox>
	</object>
</annotation>
