<annotation>
	<folder>collectedimages</folder>
	<filename>H.74a58e21-f2e3-11ed-bb52-dc1ba1c60254.jpg</filename>
	<path>C:\Users\Lenovo\RealTimeObjectDetection\RealTimeObjectDetection\Tensorflow\workspace\images\collectedimages\H.74a58e21-f2e3-11ed-bb52-dc1ba1c60254.jpg</path>
	<source>
		<database>Unknown</database>
	</source>
	<size>
		<width>640</width>
		<height>480</height>
		<depth>3</depth>
	</size>
	<segmented>0</segmented>
	<object>
		<name>H</name>
		<pose>Unspecified</pose>
		<truncated>0</truncated>
		<difficult>0</difficult>
		<bndbox>
			<xmin>294</xmin>
			<ymin>209</ymin>
			<xmax>515</xmax>
			<ymax>450</ymax>
		</bndbox>
	</object>
</annotation>
