<annotation>
	<folder>collectedimages</folder>
	<filename>H.7f729a2a-f2e3-11ed-a366-dc1ba1c60254.jpg</filename>
	<path>C:\Users\Lenovo\RealTimeObjectDetection\RealTimeObjectDetection\Tensorflow\workspace\images\collectedimages\H.7f729a2a-f2e3-11ed-a366-dc1ba1c60254.jpg</path>
	<source>
		<database>Unknown</database>
	</source>
	<size>
		<width>640</width>
		<height>480</height>
		<depth>3</depth>
	</size>
	<segmented>0</segmented>
	<object>
		<name>H</name>
		<pose>Unspecified</pose>
		<truncated>0</truncated>
		<difficult>0</difficult>
		<bndbox>
			<xmin>277</xmin>
			<ymin>121</ymin>
			<xmax>517</xmax>
			<ymax>362</ymax>
		</bndbox>
	</object>
</annotation>
