<annotation>
	<folder>collectedimages</folder>
	<filename>H.86a6bab0-f2e3-11ed-aa4b-dc1ba1c60254.jpg</filename>
	<path>C:\Users\Lenovo\RealTimeObjectDetection\RealTimeObjectDetection\Tensorflow\workspace\images\collectedimages\H.86a6bab0-f2e3-11ed-aa4b-dc1ba1c60254.jpg</path>
	<source>
		<database>Unknown</database>
	</source>
	<size>
		<width>640</width>
		<height>480</height>
		<depth>3</depth>
	</size>
	<segmented>0</segmented>
	<object>
		<name>H</name>
		<pose>Unspecified</pose>
		<truncated>0</truncated>
		<difficult>0</difficult>
		<bndbox>
			<xmin>101</xmin>
			<ymin>150</ymin>
			<xmax>335</xmax>
			<ymax>393</ymax>
		</bndbox>
	</object>
</annotation>
