<annotation>
	<folder>collectedimages</folder>
	<filename>I.97977488-f2e3-11ed-ad5e-dc1ba1c60254.jpg</filename>
	<path>C:\Users\Lenovo\RealTimeObjectDetection\RealTimeObjectDetection\Tensorflow\workspace\images\collectedimages\I.97977488-f2e3-11ed-ad5e-dc1ba1c60254.jpg</path>
	<source>
		<database>Unknown</database>
	</source>
	<size>
		<width>640</width>
		<height>480</height>
		<depth>3</depth>
	</size>
	<segmented>0</segmented>
	<object>
		<name>I</name>
		<pose>Unspecified</pose>
		<truncated>0</truncated>
		<difficult>0</difficult>
		<bndbox>
			<xmin>130</xmin>
			<ymin>203</ymin>
			<xmax>266</xmax>
			<ymax>396</ymax>
		</bndbox>
	</object>
</annotation>
