<annotation>
	<folder>collectedimages</folder>
	<filename>I.a0979f7d-f2e3-11ed-8ba2-dc1ba1c60254.jpg</filename>
	<path>C:\Users\Lenovo\RealTimeObjectDetection\RealTimeObjectDetection\Tensorflow\workspace\images\collectedimages\I.a0979f7d-f2e3-11ed-8ba2-dc1ba1c60254.jpg</path>
	<source>
		<database>Unknown</database>
	</source>
	<size>
		<width>640</width>
		<height>480</height>
		<depth>3</depth>
	</size>
	<segmented>0</segmented>
	<object>
		<name>I</name>
		<pose>Unspecified</pose>
		<truncated>0</truncated>
		<difficult>0</difficult>
		<bndbox>
			<xmin>350</xmin>
			<ymin>187</ymin>
			<xmax>463</xmax>
			<ymax>367</ymax>
		</bndbox>
	</object>
</annotation>
