<annotation>
	<folder>collectedimages</folder>
	<filename>I.a264879a-f2e3-11ed-8ff7-dc1ba1c60254.jpg</filename>
	<path>C:\Users\Lenovo\RealTimeObjectDetection\RealTimeObjectDetection\Tensorflow\workspace\images\collectedimages\I.a264879a-f2e3-11ed-8ff7-dc1ba1c60254.jpg</path>
	<source>
		<database>Unknown</database>
	</source>
	<size>
		<width>640</width>
		<height>480</height>
		<depth>3</depth>
	</size>
	<segmented>0</segmented>
	<object>
		<name>I</name>
		<pose>Unspecified</pose>
		<truncated>0</truncated>
		<difficult>0</difficult>
		<bndbox>
			<xmin>160</xmin>
			<ymin>169</ymin>
			<xmax>280</xmax>
			<ymax>350</ymax>
		</bndbox>
	</object>
</annotation>
