<annotation>
	<folder>collectedimages</folder>
	<filename>J.b513607d-f2e3-11ed-838a-dc1ba1c60254.jpg</filename>
	<path>C:\Users\Lenovo\RealTimeObjectDetection\RealTimeObjectDetection\Tensorflow\workspace\images\collectedimages\J.b513607d-f2e3-11ed-838a-dc1ba1c60254.jpg</path>
	<source>
		<database>Unknown</database>
	</source>
	<size>
		<width>640</width>
		<height>480</height>
		<depth>3</depth>
	</size>
	<segmented>0</segmented>
	<object>
		<name>J</name>
		<pose>Unspecified</pose>
		<truncated>0</truncated>
		<difficult>0</difficult>
		<bndbox>
			<xmin>236</xmin>
			<ymin>283</ymin>
			<xmax>468</xmax>
			<ymax>443</ymax>
		</bndbox>
	</object>
</annotation>
