<annotation>
	<folder>collectedimages</folder>
	<filename>J.be1f1700-f2e3-11ed-a7e8-dc1ba1c60254.jpg</filename>
	<path>C:\Users\Lenovo\RealTimeObjectDetection\RealTimeObjectDetection\Tensorflow\workspace\images\collectedimages\J.be1f1700-f2e3-11ed-a7e8-dc1ba1c60254.jpg</path>
	<source>
		<database>Unknown</database>
	</source>
	<size>
		<width>640</width>
		<height>480</height>
		<depth>3</depth>
	</size>
	<segmented>0</segmented>
	<object>
		<name>J</name>
		<pose>Unspecified</pose>
		<truncated>0</truncated>
		<difficult>0</difficult>
		<bndbox>
			<xmin>302</xmin>
			<ymin>185</ymin>
			<xmax>534</xmax>
			<ymax>342</ymax>
		</bndbox>
	</object>
</annotation>
