<annotation>
	<folder>collectedimages</folder>
	<filename>J.c1b896c0-f2e3-11ed-ba19-dc1ba1c60254.jpg</filename>
	<path>C:\Users\Lenovo\RealTimeObjectDetection\RealTimeObjectDetection\Tensorflow\workspace\images\collectedimages\J.c1b896c0-f2e3-11ed-ba19-dc1ba1c60254.jpg</path>
	<source>
		<database>Unknown</database>
	</source>
	<size>
		<width>640</width>
		<height>480</height>
		<depth>3</depth>
	</size>
	<segmented>0</segmented>
	<object>
		<name>J</name>
		<pose>Unspecified</pose>
		<truncated>0</truncated>
		<difficult>0</difficult>
		<bndbox>
			<xmin>208</xmin>
			<ymin>227</ymin>
			<xmax>405</xmax>
			<ymax>369</ymax>
		</bndbox>
	</object>
</annotation>
