<annotation>
	<folder>collectedimages</folder>
	<filename>J.c550cc39-f2e3-11ed-ac4a-dc1ba1c60254.jpg</filename>
	<path>C:\Users\Lenovo\RealTimeObjectDetection\RealTimeObjectDetection\Tensorflow\workspace\images\collectedimages\J.c550cc39-f2e3-11ed-ac4a-dc1ba1c60254.jpg</path>
	<source>
		<database>Unknown</database>
	</source>
	<size>
		<width>640</width>
		<height>480</height>
		<depth>3</depth>
	</size>
	<segmented>0</segmented>
	<object>
		<name>J</name>
		<pose>Unspecified</pose>
		<truncated>0</truncated>
		<difficult>0</difficult>
		<bndbox>
			<xmin>192</xmin>
			<ymin>236</ymin>
			<xmax>406</xmax>
			<ymax>398</ymax>
		</bndbox>
	</object>
</annotation>
