<annotation>
	<folder>collectedimages</folder>
	<filename>K.e4a78e7d-f2e3-11ed-b4a0-dc1ba1c60254.jpg</filename>
	<path>C:\Users\Lenovo\RealTimeObjectDetection\RealTimeObjectDetection\Tensorflow\workspace\images\collectedimages\K.e4a78e7d-f2e3-11ed-b4a0-dc1ba1c60254.jpg</path>
	<source>
		<database>Unknown</database>
	</source>
	<size>
		<width>640</width>
		<height>480</height>
		<depth>3</depth>
	</size>
	<segmented>0</segmented>
	<object>
		<name>K</name>
		<pose>Unspecified</pose>
		<truncated>0</truncated>
		<difficult>0</difficult>
		<bndbox>
			<xmin>150</xmin>
			<ymin>215</ymin>
			<xmax>398</xmax>
			<ymax>446</ymax>
		</bndbox>
	</object>
</annotation>
