<annotation>
	<folder>collectedimages</folder>
	<filename>L.079a737c-f2e4-11ed-85ed-dc1ba1c60254.jpg</filename>
	<path>C:\Users\Lenovo\RealTimeObjectDetection\RealTimeObjectDetection\Tensorflow\workspace\images\collectedimages\L.079a737c-f2e4-11ed-85ed-dc1ba1c60254.jpg</path>
	<source>
		<database>Unknown</database>
	</source>
	<size>
		<width>640</width>
		<height>480</height>
		<depth>3</depth>
	</size>
	<segmented>0</segmented>
	<object>
		<name>L</name>
		<pose>Unspecified</pose>
		<truncated>0</truncated>
		<difficult>0</difficult>
		<bndbox>
			<xmin>156</xmin>
			<ymin>209</ymin>
			<xmax>354</xmax>
			<ymax>423</ymax>
		</bndbox>
	</object>
</annotation>
