<annotation>
	<folder>collectedimages</folder>
	<filename>M.2e22544a-f2e4-11ed-8dc2-dc1ba1c60254.jpg</filename>
	<path>C:\Users\Lenovo\RealTimeObjectDetection\RealTimeObjectDetection\Tensorflow\workspace\images\collectedimages\M.2e22544a-f2e4-11ed-8dc2-dc1ba1c60254.jpg</path>
	<source>
		<database>Unknown</database>
	</source>
	<size>
		<width>640</width>
		<height>480</height>
		<depth>3</depth>
	</size>
	<segmented>0</segmented>
	<object>
		<name>M</name>
		<pose>Unspecified</pose>
		<truncated>0</truncated>
		<difficult>0</difficult>
		<bndbox>
			<xmin>292</xmin>
			<ymin>57</ymin>
			<xmax>480</xmax>
			<ymax>346</ymax>
		</bndbox>
	</object>
</annotation>
