<annotation>
	<folder>collectedimages</folder>
	<filename>N.399c53fd-f2e4-11ed-b61d-dc1ba1c60254.jpg</filename>
	<path>C:\Users\Lenovo\RealTimeObjectDetection\RealTimeObjectDetection\Tensorflow\workspace\images\collectedimages\N.399c53fd-f2e4-11ed-b61d-dc1ba1c60254.jpg</path>
	<source>
		<database>Unknown</database>
	</source>
	<size>
		<width>640</width>
		<height>480</height>
		<depth>3</depth>
	</size>
	<segmented>0</segmented>
	<object>
		<name>N</name>
		<pose>Unspecified</pose>
		<truncated>0</truncated>
		<difficult>0</difficult>
		<bndbox>
			<xmin>80</xmin>
			<ymin>160</ymin>
			<xmax>319</xmax>
			<ymax>440</ymax>
		</bndbox>
	</object>
</annotation>
