<annotation>
	<folder>collectedimages</folder>
	<filename>N.42a16981-f2e4-11ed-9543-dc1ba1c60254.jpg</filename>
	<path>C:\Users\Lenovo\RealTimeObjectDetection\RealTimeObjectDetection\Tensorflow\workspace\images\collectedimages\N.42a16981-f2e4-11ed-9543-dc1ba1c60254.jpg</path>
	<source>
		<database>Unknown</database>
	</source>
	<size>
		<width>640</width>
		<height>480</height>
		<depth>3</depth>
	</size>
	<segmented>0</segmented>
	<object>
		<name>N</name>
		<pose>Unspecified</pose>
		<truncated>0</truncated>
		<difficult>0</difficult>
		<bndbox>
			<xmin>349</xmin>
			<ymin>85</ymin>
			<xmax>558</xmax>
			<ymax>364</ymax>
		</bndbox>
	</object>
</annotation>
