<annotation>
	<folder>collectedimages</folder>
	<filename>O.5a9c03e9-f2e4-11ed-9a3c-dc1ba1c60254.jpg</filename>
	<path>C:\Users\Lenovo\RealTimeObjectDetection\RealTimeObjectDetection\Tensorflow\workspace\images\collectedimages\O.5a9c03e9-f2e4-11ed-9a3c-dc1ba1c60254.jpg</path>
	<source>
		<database>Unknown</database>
	</source>
	<size>
		<width>640</width>
		<height>480</height>
		<depth>3</depth>
	</size>
	<segmented>0</segmented>
	<object>
		<name>O</name>
		<pose>Unspecified</pose>
		<truncated>0</truncated>
		<difficult>0</difficult>
		<bndbox>
			<xmin>33</xmin>
			<ymin>157</ymin>
			<xmax>203</xmax>
			<ymax>329</ymax>
		</bndbox>
	</object>
</annotation>
