<annotation>
	<folder>collectedimages</folder>
	<filename>O.5c6df61b-f2e4-11ed-9305-dc1ba1c60254.jpg</filename>
	<path>C:\Users\Lenovo\RealTimeObjectDetection\RealTimeObjectDetection\Tensorflow\workspace\images\collectedimages\O.5c6df61b-f2e4-11ed-9305-dc1ba1c60254.jpg</path>
	<source>
		<database>Unknown</database>
	</source>
	<size>
		<width>640</width>
		<height>480</height>
		<depth>3</depth>
	</size>
	<segmented>0</segmented>
	<object>
		<name>O</name>
		<pose>Unspecified</pose>
		<truncated>1</truncated>
		<difficult>0</difficult>
		<bndbox>
			<xmin>1</xmin>
			<ymin>104</ymin>
			<xmax>86</xmax>
			<ymax>276</ymax>
		</bndbox>
	</object>
</annotation>
