<annotation>
	<folder>collectedimages</folder>
	<filename>O.673cfdde-f2e4-11ed-86c5-dc1ba1c60254.jpg</filename>
	<path>C:\Users\Lenovo\RealTimeObjectDetection\RealTimeObjectDetection\Tensorflow\workspace\images\collectedimages\O.673cfdde-f2e4-11ed-86c5-dc1ba1c60254.jpg</path>
	<source>
		<database>Unknown</database>
	</source>
	<size>
		<width>640</width>
		<height>480</height>
		<depth>3</depth>
	</size>
	<segmented>0</segmented>
	<object>
		<name>O</name>
		<pose>Unspecified</pose>
		<truncated>0</truncated>
		<difficult>0</difficult>
		<bndbox>
			<xmin>298</xmin>
			<ymin>141</ymin>
			<xmax>478</xmax>
			<ymax>314</ymax>
		</bndbox>
	</object>
</annotation>
