<annotation>
	<folder>collectedimages</folder>
	<filename>O.6ad76818-f2e4-11ed-a8ab-dc1ba1c60254.jpg</filename>
	<path>C:\Users\Lenovo\RealTimeObjectDetection\RealTimeObjectDetection\Tensorflow\workspace\images\collectedimages\O.6ad76818-f2e4-11ed-a8ab-dc1ba1c60254.jpg</path>
	<source>
		<database>Unknown</database>
	</source>
	<size>
		<width>640</width>
		<height>480</height>
		<depth>3</depth>
	</size>
	<segmented>0</segmented>
	<object>
		<name>O</name>
		<pose>Unspecified</pose>
		<truncated>0</truncated>
		<difficult>0</difficult>
		<bndbox>
			<xmin>313</xmin>
			<ymin>112</ymin>
			<xmax>498</xmax>
			<ymax>292</ymax>
		</bndbox>
	</object>
</annotation>
