<annotation>
	<folder>collectedimages</folder>
	<filename>O.7040ae71-f2e4-11ed-b402-dc1ba1c60254.jpg</filename>
	<path>C:\Users\Lenovo\RealTimeObjectDetection\RealTimeObjectDetection\Tensorflow\workspace\images\collectedimages\O.7040ae71-f2e4-11ed-b402-dc1ba1c60254.jpg</path>
	<source>
		<database>Unknown</database>
	</source>
	<size>
		<width>640</width>
		<height>480</height>
		<depth>3</depth>
	</size>
	<segmented>0</segmented>
	<object>
		<name>O</name>
		<pose>Unspecified</pose>
		<truncated>0</truncated>
		<difficult>0</difficult>
		<bndbox>
			<xmin>139</xmin>
			<ymin>136</ymin>
			<xmax>289</xmax>
			<ymax>316</ymax>
		</bndbox>
	</object>
</annotation>
