<annotation>
	<folder>collectedimages</folder>
	<filename>P.811f9b08-f2e4-11ed-8c8b-dc1ba1c60254.jpg</filename>
	<path>C:\Users\Lenovo\RealTimeObjectDetection\RealTimeObjectDetection\Tensorflow\workspace\images\collectedimages\P.811f9b08-f2e4-11ed-8c8b-dc1ba1c60254.jpg</path>
	<source>
		<database>Unknown</database>
	</source>
	<size>
		<width>640</width>
		<height>480</height>
		<depth>3</depth>
	</size>
	<segmented>0</segmented>
	<object>
		<name>P</name>
		<pose>Unspecified</pose>
		<truncated>0</truncated>
		<difficult>0</difficult>
		<bndbox>
			<xmin>69</xmin>
			<ymin>209</ymin>
			<xmax>301</xmax>
			<ymax>447</ymax>
		</bndbox>
	</object>
</annotation>
