<annotation>
	<folder>collectedimages</folder>
	<filename>P.82ecd916-f2e4-11ed-a507-dc1ba1c60254.jpg</filename>
	<path>C:\Users\Lenovo\RealTimeObjectDetection\RealTimeObjectDetection\Tensorflow\workspace\images\collectedimages\P.82ecd916-f2e4-11ed-a507-dc1ba1c60254.jpg</path>
	<source>
		<database>Unknown</database>
	</source>
	<size>
		<width>640</width>
		<height>480</height>
		<depth>3</depth>
	</size>
	<segmented>0</segmented>
	<object>
		<name>P</name>
		<pose>Unspecified</pose>
		<truncated>0</truncated>
		<difficult>0</difficult>
		<bndbox>
			<xmin>80</xmin>
			<ymin>202</ymin>
			<xmax>303</xmax>
			<ymax>424</ymax>
		</bndbox>
	</object>
</annotation>
