<annotation>
	<folder>collectedimages</folder>
	<filename>P.8a212028-f2e4-11ed-b554-dc1ba1c60254.jpg</filename>
	<path>C:\Users\Lenovo\RealTimeObjectDetection\RealTimeObjectDetection\Tensorflow\workspace\images\collectedimages\P.8a212028-f2e4-11ed-b554-dc1ba1c60254.jpg</path>
	<source>
		<database>Unknown</database>
	</source>
	<size>
		<width>640</width>
		<height>480</height>
		<depth>3</depth>
	</size>
	<segmented>0</segmented>
	<object>
		<name>P</name>
		<pose>Unspecified</pose>
		<truncated>0</truncated>
		<difficult>0</difficult>
		<bndbox>
			<xmin>215</xmin>
			<ymin>270</ymin>
			<xmax>431</xmax>
			<ymax>476</ymax>
		</bndbox>
	</object>
</annotation>
