<annotation>
	<folder>collectedimages</folder>
	<filename>P.8f87da84-f2e4-11ed-9538-dc1ba1c60254.jpg</filename>
	<path>C:\Users\Lenovo\RealTimeObjectDetection\RealTimeObjectDetection\Tensorflow\workspace\images\collectedimages\P.8f87da84-f2e4-11ed-9538-dc1ba1c60254.jpg</path>
	<source>
		<database>Unknown</database>
	</source>
	<size>
		<width>640</width>
		<height>480</height>
		<depth>3</depth>
	</size>
	<segmented>0</segmented>
	<object>
		<name>P</name>
		<pose>Unspecified</pose>
		<truncated>0</truncated>
		<difficult>0</difficult>
		<bndbox>
			<xmin>207</xmin>
			<ymin>190</ymin>
			<xmax>438</xmax>
			<ymax>417</ymax>
		</bndbox>
	</object>
</annotation>
