<annotation>
	<folder>collectedimages</folder>
	<filename>Q.992be9e9-f2e4-11ed-a19b-dc1ba1c60254.jpg</filename>
	<path>C:\Users\Lenovo\RealTimeObjectDetection\RealTimeObjectDetection\Tensorflow\workspace\images\collectedimages\Q.992be9e9-f2e4-11ed-a19b-dc1ba1c60254.jpg</path>
	<source>
		<database>Unknown</database>
	</source>
	<size>
		<width>640</width>
		<height>480</height>
		<depth>3</depth>
	</size>
	<segmented>0</segmented>
	<object>
		<name>Q</name>
		<pose>Unspecified</pose>
		<truncated>1</truncated>
		<difficult>0</difficult>
		<bndbox>
			<xmin>429</xmin>
			<ymin>285</ymin>
			<xmax>623</xmax>
			<ymax>480</ymax>
		</bndbox>
	</object>
</annotation>
