<annotation>
	<folder>collectedimages</folder>
	<filename>Q.a79c2838-f2e4-11ed-b26d-dc1ba1c60254.jpg</filename>
	<path>C:\Users\Lenovo\RealTimeObjectDetection\RealTimeObjectDetection\Tensorflow\workspace\images\collectedimages\Q.a79c2838-f2e4-11ed-b26d-dc1ba1c60254.jpg</path>
	<source>
		<database>Unknown</database>
	</source>
	<size>
		<width>640</width>
		<height>480</height>
		<depth>3</depth>
	</size>
	<segmented>0</segmented>
	<object>
		<name>Q</name>
		<pose>Unspecified</pose>
		<truncated>0</truncated>
		<difficult>0</difficult>
		<bndbox>
			<xmin>176</xmin>
			<ymin>149</ymin>
			<xmax>366</xmax>
			<ymax>479</ymax>
		</bndbox>
	</object>
</annotation>
