<annotation>
	<folder>collectedimages</folder>
	<filename>Q.a9692eca-f2e4-11ed-82f9-dc1ba1c60254.jpg</filename>
	<path>C:\Users\Lenovo\RealTimeObjectDetection\RealTimeObjectDetection\Tensorflow\workspace\images\collectedimages\Q.a9692eca-f2e4-11ed-82f9-dc1ba1c60254.jpg</path>
	<source>
		<database>Unknown</database>
	</source>
	<size>
		<width>640</width>
		<height>480</height>
		<depth>3</depth>
	</size>
	<segmented>0</segmented>
	<object>
		<name>Q</name>
		<pose>Unspecified</pose>
		<truncated>0</truncated>
		<difficult>0</difficult>
		<bndbox>
			<xmin>69</xmin>
			<ymin>150</ymin>
			<xmax>246</xmax>
			<ymax>476</ymax>
		</bndbox>
	</object>
</annotation>
