<annotation>
	<folder>collectedimages</folder>
	<filename>R.bddb2fc7-f2e4-11ed-a2f3-dc1ba1c60254.jpg</filename>
	<path>C:\Users\Lenovo\RealTimeObjectDetection\RealTimeObjectDetection\Tensorflow\workspace\images\collectedimages\R.bddb2fc7-f2e4-11ed-a2f3-dc1ba1c60254.jpg</path>
	<source>
		<database>Unknown</database>
	</source>
	<size>
		<width>640</width>
		<height>480</height>
		<depth>3</depth>
	</size>
	<segmented>0</segmented>
	<object>
		<name>R</name>
		<pose>Unspecified</pose>
		<truncated>0</truncated>
		<difficult>0</difficult>
		<bndbox>
			<xmin>217</xmin>
			<ymin>174</ymin>
			<xmax>367</xmax>
			<ymax>380</ymax>
		</bndbox>
	</object>
</annotation>
