<annotation>
	<folder>collectedimages</folder>
	<filename>S.ed634c80-f2e4-11ed-8d1b-dc1ba1c60254.jpg</filename>
	<path>C:\Users\Lenovo\RealTimeObjectDetection\RealTimeObjectDetection\Tensorflow\workspace\images\collectedimages\S.ed634c80-f2e4-11ed-8d1b-dc1ba1c60254.jpg</path>
	<source>
		<database>Unknown</database>
	</source>
	<size>
		<width>640</width>
		<height>480</height>
		<depth>3</depth>
	</size>
	<segmented>0</segmented>
	<object>
		<name>S</name>
		<pose>Unspecified</pose>
		<truncated>0</truncated>
		<difficult>0</difficult>
		<bndbox>
			<xmin>173</xmin>
			<ymin>99</ymin>
			<xmax>512</xmax>
			<ymax>358</ymax>
		</bndbox>
	</object>
</annotation>
