<annotation>
	<folder>collectedimages</folder>
	<filename>T.09092c55-f2e5-11ed-b76f-dc1ba1c60254.jpg</filename>
	<path>C:\Users\Lenovo\RealTimeObjectDetection\RealTimeObjectDetection\Tensorflow\workspace\images\collectedimages\T.09092c55-f2e5-11ed-b76f-dc1ba1c60254.jpg</path>
	<source>
		<database>Unknown</database>
	</source>
	<size>
		<width>640</width>
		<height>480</height>
		<depth>3</depth>
	</size>
	<segmented>0</segmented>
	<object>
		<name>T</name>
		<pose>Unspecified</pose>
		<truncated>0</truncated>
		<difficult>0</difficult>
		<bndbox>
			<xmin>206</xmin>
			<ymin>144</ymin>
			<xmax>434</xmax>
			<ymax>380</ymax>
		</bndbox>
	</object>
</annotation>
