<annotation>
	<folder>collectedimages</folder>
	<filename>T.13d72adf-f2e5-11ed-82d4-dc1ba1c60254.jpg</filename>
	<path>C:\Users\Lenovo\RealTimeObjectDetection\RealTimeObjectDetection\Tensorflow\workspace\images\collectedimages\T.13d72adf-f2e5-11ed-82d4-dc1ba1c60254.jpg</path>
	<source>
		<database>Unknown</database>
	</source>
	<size>
		<width>640</width>
		<height>480</height>
		<depth>3</depth>
	</size>
	<segmented>0</segmented>
	<object>
		<name>T</name>
		<pose>Unspecified</pose>
		<truncated>0</truncated>
		<difficult>0</difficult>
		<bndbox>
			<xmin>150</xmin>
			<ymin>217</ymin>
			<xmax>388</xmax>
			<ymax>457</ymax>
		</bndbox>
	</object>
</annotation>
