<annotation>
	<folder>collectedimages</folder>
	<filename>T.fc64f38b-f2e4-11ed-9f8d-dc1ba1c60254.jpg</filename>
	<path>C:\Users\Lenovo\RealTimeObjectDetection\RealTimeObjectDetection\Tensorflow\workspace\images\collectedimages\T.fc64f38b-f2e4-11ed-9f8d-dc1ba1c60254.jpg</path>
	<source>
		<database>Unknown</database>
	</source>
	<size>
		<width>640</width>
		<height>480</height>
		<depth>3</depth>
	</size>
	<segmented>0</segmented>
	<object>
		<name>T</name>
		<pose>Unspecified</pose>
		<truncated>0</truncated>
		<difficult>0</difficult>
		<bndbox>
			<xmin>208</xmin>
			<ymin>186</ymin>
			<xmax>440</xmax>
			<ymax>439</ymax>
		</bndbox>
	</object>
</annotation>
