<annotation>
	<folder>collectedimages</folder>
	<filename>U.211834af-f2e5-11ed-856d-dc1ba1c60254.jpg</filename>
	<path>C:\Users\Lenovo\RealTimeObjectDetection\RealTimeObjectDetection\Tensorflow\workspace\images\collectedimages\U.211834af-f2e5-11ed-856d-dc1ba1c60254.jpg</path>
	<source>
		<database>Unknown</database>
	</source>
	<size>
		<width>640</width>
		<height>480</height>
		<depth>3</depth>
	</size>
	<segmented>0</segmented>
	<object>
		<name>U</name>
		<pose>Unspecified</pose>
		<truncated>0</truncated>
		<difficult>0</difficult>
		<bndbox>
			<xmin>319</xmin>
			<ymin>254</ymin>
			<xmax>490</xmax>
			<ymax>437</ymax>
		</bndbox>
	</object>
</annotation>
