<annotation>
	<folder>collectedimages</folder>
	<filename>V.5261eb57-f2e5-11ed-bd16-dc1ba1c60254.jpg</filename>
	<path>C:\Users\Lenovo\RealTimeObjectDetection\RealTimeObjectDetection\Tensorflow\workspace\images\collectedimages\V.5261eb57-f2e5-11ed-bd16-dc1ba1c60254.jpg</path>
	<source>
		<database>Unknown</database>
	</source>
	<size>
		<width>640</width>
		<height>480</height>
		<depth>3</depth>
	</size>
	<segmented>0</segmented>
	<object>
		<name>V</name>
		<pose>Unspecified</pose>
		<truncated>0</truncated>
		<difficult>0</difficult>
		<bndbox>
			<xmin>143</xmin>
			<ymin>188</ymin>
			<xmax>293</xmax>
			<ymax>416</ymax>
		</bndbox>
	</object>
</annotation>
