<annotation>
	<folder>collectedimages</folder>
	<filename>V.57c92c6f-f2e5-11ed-8e0a-dc1ba1c60254.jpg</filename>
	<path>C:\Users\Lenovo\RealTimeObjectDetection\RealTimeObjectDetection\Tensorflow\workspace\images\collectedimages\V.57c92c6f-f2e5-11ed-8e0a-dc1ba1c60254.jpg</path>
	<source>
		<database>Unknown</database>
	</source>
	<size>
		<width>640</width>
		<height>480</height>
		<depth>3</depth>
	</size>
	<segmented>0</segmented>
	<object>
		<name>V</name>
		<pose>Unspecified</pose>
		<truncated>0</truncated>
		<difficult>0</difficult>
		<bndbox>
			<xmin>360</xmin>
			<ymin>153</ymin>
			<xmax>480</xmax>
			<ymax>379</ymax>
		</bndbox>
	</object>
</annotation>
