<annotation>
	<folder>collectedimages</folder>
	<filename>W.5f97e352-f2e5-11ed-af5e-dc1ba1c60254.jpg</filename>
	<path>C:\Users\Lenovo\RealTimeObjectDetection\RealTimeObjectDetection\Tensorflow\workspace\images\collectedimages\W.5f97e352-f2e5-11ed-af5e-dc1ba1c60254.jpg</path>
	<source>
		<database>Unknown</database>
	</source>
	<size>
		<width>640</width>
		<height>480</height>
		<depth>3</depth>
	</size>
	<segmented>0</segmented>
	<object>
		<name>W</name>
		<pose>Unspecified</pose>
		<truncated>0</truncated>
		<difficult>0</difficult>
		<bndbox>
			<xmin>115</xmin>
			<ymin>169</ymin>
			<xmax>510</xmax>
			<ymax>429</ymax>
		</bndbox>
	</object>
</annotation>
