<annotation>
	<folder>collectedimages</folder>
	<filename>W.61691f47-f2e5-11ed-91e6-dc1ba1c60254.jpg</filename>
	<path>C:\Users\Lenovo\RealTimeObjectDetection\RealTimeObjectDetection\Tensorflow\workspace\images\collectedimages\W.61691f47-f2e5-11ed-91e6-dc1ba1c60254.jpg</path>
	<source>
		<database>Unknown</database>
	</source>
	<size>
		<width>640</width>
		<height>480</height>
		<depth>3</depth>
	</size>
	<segmented>0</segmented>
	<object>
		<name>W</name>
		<pose>Unspecified</pose>
		<truncated>0</truncated>
		<difficult>0</difficult>
		<bndbox>
			<xmin>119</xmin>
			<ymin>175</ymin>
			<xmax>517</xmax>
			<ymax>434</ymax>
		</bndbox>
	</object>
</annotation>
