<annotation>
	<folder>collectedimages</folder>
	<filename>W.6a6e81f3-f2e5-11ed-a8ea-dc1ba1c60254.jpg</filename>
	<path>C:\Users\Lenovo\RealTimeObjectDetection\RealTimeObjectDetection\Tensorflow\workspace\images\collectedimages\W.6a6e81f3-f2e5-11ed-a8ea-dc1ba1c60254.jpg</path>
	<source>
		<database>Unknown</database>
	</source>
	<size>
		<width>640</width>
		<height>480</height>
		<depth>3</depth>
	</size>
	<segmented>0</segmented>
	<object>
		<name>W</name>
		<pose>Unspecified</pose>
		<truncated>0</truncated>
		<difficult>0</difficult>
		<bndbox>
			<xmin>160</xmin>
			<ymin>111</ymin>
			<xmax>542</xmax>
			<ymax>352</ymax>
		</bndbox>
	</object>
</annotation>
