<annotation>
	<folder>collectedimages</folder>
	<filename>W.78d5fe14-f2e5-11ed-b64d-dc1ba1c60254.jpg</filename>
	<path>C:\Users\Lenovo\RealTimeObjectDetection\RealTimeObjectDetection\Tensorflow\workspace\images\collectedimages\W.78d5fe14-f2e5-11ed-b64d-dc1ba1c60254.jpg</path>
	<source>
		<database>Unknown</database>
	</source>
	<size>
		<width>640</width>
		<height>480</height>
		<depth>3</depth>
	</size>
	<segmented>0</segmented>
	<object>
		<name>W</name>
		<pose>Unspecified</pose>
		<truncated>0</truncated>
		<difficult>0</difficult>
		<bndbox>
			<xmin>91</xmin>
			<ymin>130</ymin>
			<xmax>485</xmax>
			<ymax>354</ymax>
		</bndbox>
	</object>
</annotation>
