<annotation verified="yes">
	<folder>collectedimages</folder>
	<filename>X.809e5804-f2e5-11ed-99fe-dc1ba1c60254.jpg</filename>
	<path>C:\Users\Lenovo\RealTimeObjectDetection\RealTimeObjectDetection\Tensorflow\workspace\images\collectedimages\X.809e5804-f2e5-11ed-99fe-dc1ba1c60254.jpg</path>
	<source>
		<database>Unknown</database>
	</source>
	<size>
		<width>640</width>
		<height>480</height>
		<depth>3</depth>
	</size>
	<segmented>0</segmented>
	<object>
		<name>X</name>
		<pose>Unspecified</pose>
		<truncated>0</truncated>
		<difficult>0</difficult>
		<bndbox>
			<xmin>193</xmin>
			<ymin>219</ymin>
			<xmax>509</xmax>
			<ymax>400</ymax>
		</bndbox>
	</object>
</annotation>
