<annotation>
	<folder>collectedimages</folder>
	<filename>X.8607ad48-f2e5-11ed-9522-dc1ba1c60254.jpg</filename>
	<path>C:\Users\Lenovo\RealTimeObjectDetection\RealTimeObjectDetection\Tensorflow\workspace\images\collectedimages\X.8607ad48-f2e5-11ed-9522-dc1ba1c60254.jpg</path>
	<source>
		<database>Unknown</database>
	</source>
	<size>
		<width>640</width>
		<height>480</height>
		<depth>3</depth>
	</size>
	<segmented>0</segmented>
	<object>
		<name>X</name>
		<pose>Unspecified</pose>
		<truncated>1</truncated>
		<difficult>0</difficult>
		<bndbox>
			<xmin>119</xmin>
			<ymin>312</ymin>
			<xmax>407</xmax>
			<ymax>480</ymax>
		</bndbox>
	</object>
</annotation>
