<annotation>
	<folder>collectedimages</folder>
	<filename>X.87d4d2d7-f2e5-11ed-9092-dc1ba1c60254.jpg</filename>
	<path>C:\Users\Lenovo\RealTimeObjectDetection\RealTimeObjectDetection\Tensorflow\workspace\images\collectedimages\X.87d4d2d7-f2e5-11ed-9092-dc1ba1c60254.jpg</path>
	<source>
		<database>Unknown</database>
	</source>
	<size>
		<width>640</width>
		<height>480</height>
		<depth>3</depth>
	</size>
	<segmented>0</segmented>
	<object>
		<name>X</name>
		<pose>Unspecified</pose>
		<truncated>0</truncated>
		<difficult>0</difficult>
		<bndbox>
			<xmin>41</xmin>
			<ymin>304</ymin>
			<xmax>319</xmax>
			<ymax>478</ymax>
		</bndbox>
	</object>
</annotation>
