<annotation>
	<folder>collectedimages</folder>
	<filename>X.92a3f0cf-f2e5-11ed-9231-dc1ba1c60254.jpg</filename>
	<path>C:\Users\Lenovo\RealTimeObjectDetection\RealTimeObjectDetection\Tensorflow\workspace\images\collectedimages\X.92a3f0cf-f2e5-11ed-9231-dc1ba1c60254.jpg</path>
	<source>
		<database>Unknown</database>
	</source>
	<size>
		<width>640</width>
		<height>480</height>
		<depth>3</depth>
	</size>
	<segmented>0</segmented>
	<object>
		<name>X</name>
		<pose>Unspecified</pose>
		<truncated>0</truncated>
		<difficult>0</difficult>
		<bndbox>
			<xmin>222</xmin>
			<ymin>273</ymin>
			<xmax>519</xmax>
			<ymax>460</ymax>
		</bndbox>
	</object>
</annotation>
