<annotation>
	<folder>collectedimages</folder>
	<filename>Y.a72961cf-f2e5-11ed-a418-dc1ba1c60254.jpg</filename>
	<path>C:\Users\Lenovo\RealTimeObjectDetection\RealTimeObjectDetection\Tensorflow\workspace\images\collectedimages\Y.a72961cf-f2e5-11ed-a418-dc1ba1c60254.jpg</path>
	<source>
		<database>Unknown</database>
	</source>
	<size>
		<width>640</width>
		<height>480</height>
		<depth>3</depth>
	</size>
	<segmented>0</segmented>
	<object>
		<name>Y</name>
		<pose>Unspecified</pose>
		<truncated>1</truncated>
		<difficult>0</difficult>
		<bndbox>
			<xmin>222</xmin>
			<ymin>217</ymin>
			<xmax>435</xmax>
			<ymax>480</ymax>
		</bndbox>
	</object>
</annotation>
