<annotation>
	<folder>collectedimages</folder>
	<filename>Y.aac3833e-f2e5-11ed-a7b2-dc1ba1c60254.jpg</filename>
	<path>C:\Users\Lenovo\RealTimeObjectDetection\RealTimeObjectDetection\Tensorflow\workspace\images\collectedimages\Y.aac3833e-f2e5-11ed-a7b2-dc1ba1c60254.jpg</path>
	<source>
		<database>Unknown</database>
	</source>
	<size>
		<width>640</width>
		<height>480</height>
		<depth>3</depth>
	</size>
	<segmented>0</segmented>
	<object>
		<name>Y</name>
		<pose>Unspecified</pose>
		<truncated>1</truncated>
		<difficult>0</difficult>
		<bndbox>
			<xmin>212</xmin>
			<ymin>212</ymin>
			<xmax>471</xmax>
			<ymax>480</ymax>
		</bndbox>
	</object>
</annotation>
