<annotation>
	<folder>collectedimages</folder>
	<filename>Y.ae5d5b93-f2e5-11ed-82bf-dc1ba1c60254.jpg</filename>
	<path>C:\Users\Lenovo\RealTimeObjectDetection\RealTimeObjectDetection\Tensorflow\workspace\images\collectedimages\Y.ae5d5b93-f2e5-11ed-82bf-dc1ba1c60254.jpg</path>
	<source>
		<database>Unknown</database>
	</source>
	<size>
		<width>640</width>
		<height>480</height>
		<depth>3</depth>
	</size>
	<segmented>0</segmented>
	<object>
		<name>Y</name>
		<pose>Unspecified</pose>
		<truncated>0</truncated>
		<difficult>0</difficult>
		<bndbox>
			<xmin>64</xmin>
			<ymin>152</ymin>
			<xmax>260</xmax>
			<ymax>472</ymax>
		</bndbox>
	</object>
</annotation>
