<annotation>
	<folder>collectedimages</folder>
	<filename>Y.b58fec35-f2e5-11ed-98bf-dc1ba1c60254.jpg</filename>
	<path>C:\Users\Lenovo\RealTimeObjectDetection\RealTimeObjectDetection\Tensorflow\workspace\images\collectedimages\Y.b58fec35-f2e5-11ed-98bf-dc1ba1c60254.jpg</path>
	<source>
		<database>Unknown</database>
	</source>
	<size>
		<width>640</width>
		<height>480</height>
		<depth>3</depth>
	</size>
	<segmented>0</segmented>
	<object>
		<name>Y</name>
		<pose>Unspecified</pose>
		<truncated>1</truncated>
		<difficult>0</difficult>
		<bndbox>
			<xmin>270</xmin>
			<ymin>209</ymin>
			<xmax>484</xmax>
			<ymax>480</ymax>
		</bndbox>
	</object>
</annotation>
