<annotation>
	<folder>collectedimages</folder>
	<filename>Y.b75d10c1-f2e5-11ed-a1e8-dc1ba1c60254.jpg</filename>
	<path>C:\Users\Lenovo\RealTimeObjectDetection\RealTimeObjectDetection\Tensorflow\workspace\images\collectedimages\Y.b75d10c1-f2e5-11ed-a1e8-dc1ba1c60254.jpg</path>
	<source>
		<database>Unknown</database>
	</source>
	<size>
		<width>640</width>
		<height>480</height>
		<depth>3</depth>
	</size>
	<segmented>0</segmented>
	<object>
		<name>Y</name>
		<pose>Unspecified</pose>
		<truncated>0</truncated>
		<difficult>0</difficult>
		<bndbox>
			<xmin>204</xmin>
			<ymin>151</ymin>
			<xmax>435</xmax>
			<ymax>465</ymax>
		</bndbox>
	</object>
</annotation>
