<annotation>
	<folder>collectedimages</folder>
	<filename>Z.c65c4f36-f2e5-11ed-8e61-dc1ba1c60254.jpg</filename>
	<path>C:\Users\Lenovo\RealTimeObjectDetection\RealTimeObjectDetection\Tensorflow\workspace\images\collectedimages\Z.c65c4f36-f2e5-11ed-8e61-dc1ba1c60254.jpg</path>
	<source>
		<database>Unknown</database>
	</source>
	<size>
		<width>640</width>
		<height>480</height>
		<depth>3</depth>
	</size>
	<segmented>0</segmented>
	<object>
		<name>Z</name>
		<pose>Unspecified</pose>
		<truncated>0</truncated>
		<difficult>0</difficult>
		<bndbox>
			<xmin>52</xmin>
			<ymin>78</ymin>
			<xmax>396</xmax>
			<ymax>435</ymax>
		</bndbox>
	</object>
</annotation>
