<annotation>
	<folder>collectedimages</folder>
	<filename>Z.cd960641-f2e5-11ed-acf3-dc1ba1c60254.jpg</filename>
	<path>C:\Users\Lenovo\RealTimeObjectDetection\RealTimeObjectDetection\Tensorflow\workspace\images\collectedimages\Z.cd960641-f2e5-11ed-acf3-dc1ba1c60254.jpg</path>
	<source>
		<database>Unknown</database>
	</source>
	<size>
		<width>640</width>
		<height>480</height>
		<depth>3</depth>
	</size>
	<segmented>0</segmented>
	<object>
		<name>Z</name>
		<pose>Unspecified</pose>
		<truncated>1</truncated>
		<difficult>0</difficult>
		<bndbox>
			<xmin>1</xmin>
			<ymin>178</ymin>
			<xmax>369</xmax>
			<ymax>471</ymax>
		</bndbox>
	</object>
</annotation>
